{"v":"5.9.0","fr":29.9700012207031,"ip":0,"op":60.0000024438501,"w":1080,"h":1080,"nm":"test","ddd":0,"assets":[{"id":"image_0","w":188,"h":32,"u":"images/","p":"img_0.png","e":0},{"id":"image_1","w":264,"h":203,"u":"images/","p":"img_1.png","e":0},{"id":"image_2","w":533,"h":682,"u":"images/","p":"img_2.png","e":0},{"id":"image_3","w":849,"h":374,"u":"images/","p":"img_3.png","e":0}],"layers":[{"ddd":0,"ind":1,"ty":2,"nm":"eyes","refId":"image_0","sr":1,"ks":{"o":{"a":0,"k":100,"ix":11},"r":{"a":0,"k":0,"ix":10},"p":{"a":1,"k":[{"i":{"x":0.833,"y":0.833},"o":{"x":0.167,"y":0.167},"t":0,"s":[527.084,527.612,0],"to":[-5,-2,0],"ti":[5,2,0]},{"i":{"x":0.833,"y":0.833},"o":{"x":0.167,"y":0.167},"t":10,"s":[497.084,515.612,0],"to":[0,0,0],"ti":[0,0,0]},{"i":{"x":0.833,"y":0.833},"o":{"x":0.167,"y":0.167},"t":15,"s":[497.084,515.612,0],"to":[0,0,0],"ti":[0,0,0]},{"i":{"x":0.833,"y":0.833},"o":{"x":0.167,"y":0.167},"t":20,"s":[497.084,515.612,0],"to":[0,0,0],"ti":[0,0,0]},{"i":{"x":0.833,"y":0.833},"o":{"x":0.167,"y":0.167},"t":40,"s":[497.084,515.612,0],"to":[5,2,0],"ti":[-5,-2,0]},{"t":50.0000020365418,"s":[527.084,527.612,0]}],"ix":2,"l":2},"a":{"a":0,"k":[93.609,15.817,0],"ix":1,"l":2},"s":{"a":1,"k":[{"i":{"x":[0.833,0.833,0.833],"y":[0.833,0.833,0.833]},"o":{"x":[0.167,0.167,0.167],"y":[0.167,0.167,0.167]},"t":20,"s":[100,100,100]},{"i":{"x":[0.833,0.833,0.833],"y":[0.833,0.833,0.833]},"o":{"x":[0.167,0.167,0.167],"y":[0.167,0.167,0.167]},"t":25,"s":[100,11.488,100]},{"i":{"x":[0.833,0.833,0.833],"y":[0.833,0.833,0.833]},"o":{"x":[0.167,0.167,0.167],"y":[0.167,0.167,0.167]},"t":30,"s":[100,100,100]},{"i":{"x":[0.833,0.833,0.833],"y":[0.833,0.833,0.833]},"o":{"x":[0.167,0.167,0.167],"y":[0.167,0.167,0.167]},"t":35,"s":[100,11.488,100]},{"i":{"x":[0.833,0.833,0.833],"y":[0.833,0.833,0.833]},"o":{"x":[0.167,0.167,0.167],"y":[0.167,0.167,0.167]},"t":40,"s":[100,100,100]},{"t":50.0000020365418,"s":[100,100,100]}],"ix":6,"l":2}},"ao":0,"ip":0,"op":60.0000024438501,"st":0,"bm":0},{"ddd":0,"ind":2,"ty":2,"nm":"face","refId":"image_1","sr":1,"ks":{"o":{"a":0,"k":100,"ix":11},"r":{"a":0,"k":0,"ix":10},"p":{"a":0,"k":[526.728,544.033,0],"ix":2,"l":2},"a":{"a":0,"k":[131.816,101.036,0],"ix":1,"l":2},"s":{"a":0,"k":[100,100,100],"ix":6,"l":2}},"ao":0,"ip":0,"op":60.0000024438501,"st":0,"bm":0},{"ddd":0,"ind":3,"ty":2,"nm":"head","refId":"image_2","sr":1,"ks":{"o":{"a":0,"k":100,"ix":11},"r":{"a":0,"k":0,"ix":10},"p":{"a":0,"k":[528.942,402.308,0],"ix":2,"l":2},"a":{"a":0,"k":[266.458,340.558,0],"ix":1,"l":2},"s":{"a":0,"k":[100,100,100],"ix":6,"l":2}},"ao":0,"ip":0,"op":60.0000024438501,"st":0,"bm":0},{"ddd":0,"ind":4,"ty":2,"nm":"body","refId":"image_3","sr":1,"ks":{"o":{"a":0,"k":100,"ix":11},"r":{"a":0,"k":0,"ix":10},"p":{"a":0,"k":[547.812,891.378,0],"ix":2,"l":2},"a":{"a":0,"k":[424.132,186.873,0],"ix":1,"l":2},"s":{"a":0,"k":[100,100,100],"ix":6,"l":2}},"ao":0,"ip":0,"op":60.0000024438501,"st":0,"bm":0}],"markers":[]}